<?xml version="1.0" encoding="UTF-8"?>
<project-private xmlns="http://www.netbeans.org/ns/project-private/1">
    <editor-bookmarks xmlns="http://www.netbeans.org/ns/editor-bookmarks/2" lastBookmarkId="0"/>
    <open-files xmlns="http://www.netbeans.org/ns/projectui-open-files/2">
        <group>
            <file>file:/D:/Electronica/PIC16F877A%20-%20TUTORIAL/Intrerrupcion_RB0.X/Programa_principal.asm</file>
            <file>file:/D:/Electronica/PIC16F877A%20-%20TUTORIAL/Intrerrupcion_RB0.X/Retardos.inc</file>
        </group>
    </open-files>
</project-private>
